rank,name,weight,type
1,Hasty,Kersey,hkersey0@dion.ne.jp
2,Esdras,Renvoise,erenvoise1@slideshare.net
3,Joelie,Tigwell,jtigwell2@hc360.com
4,Phylys,Masarrat,pmasarrat3@spiegel.de
5,Sibel,Pockey,spockey4@feedburner.com
6,Ilka,Youle,iyoule5@de.vu
7,Ivan,Crowson,icrowson6@bbc.co.uk
8,Waylin,Walbrook,wwalbrook7@digg.com
9,Freemon,Bulcroft,fbulcroft8@indiatimes.com
10,Ambrosio,Sirett,asirett9@umich.edu
11,Hendrick,Kording,hkordinga@java.com
12,Ayn,Ianne,aianneb@ask.com
13,Karlotta,Cucuzza,kcucuzzac@tripod.com
14,Dianne,MacKall,dmackalld@sphinn.com
15,Daniella,Briant,dbriante@nifty.com
16,Mike,Richardon,mrichardonf@toplist.cz
17,Xerxes,Esh,xeshg@ebay.com
18,Blaine,Blanc,bblanch@imgur.com
19,Galen,Cuppitt,gcuppitti@weebly.com
20,Alison,Mitchall,amitchallj@engadget.com
21,Julee,Kynan,jkynank@ucoz.ru
22,Gabbi,Duplan,gduplanl@apple.com
23,Jeno,Lydon,jlydonm@diigo.com
24,Cherrita,Blenkinsop,cblenkinsopn@noaa.gov
25,Emeline,Mowling,emowlingo@google.it
26,Garnette,Kaming,gkamingp@theglobeandmail.com
27,Tracey,Keymer,tkeymerq@buzzfeed.com
28,Dallon,Flay,dflayr@pinterest.com
29,Ebony,Sertin,esertins@google.es
30,Kamila,Lepoidevin,klepoidevint@dropbox.com
31,Sheryl,Taylo,staylou@youku.com
32,Priscella,Pilmore,ppilmorev@t-online.de
33,Valentine,Govier,vgovierw@go.com
34,Erma,Nairns,enairnsx@berkeley.edu
35,Willa,Hamon,whamony@devhub.com
36,Darb,Nodin,dnodinz@cocolog-nifty.com
37,Dani,Soanes,dsoanes10@deliciousdays.com
38,Virgilio,Tasseler,vtasseler11@nationalgeographic.com
39,Berni,Elms,belms12@mashable.com
40,Alvina,Barwis,abarwis13@stumbleupon.com
41,Zaccaria,Shiril,zshiril14@webeden.co.uk
42,Leoine,Widdowfield,lwiddowfield15@free.fr
43,Billye,Down,bdown16@google.co.jp
44,Pauli,Parry,pparry17@feedburner.com
45,Keith,Candlin,kcandlin18@wiley.com
46,Farly,Jeandeau,fjeandeau19@icio.us
47,Michael,Grimsdell,mgrimsdell1a@blog.com
48,Milly,Brosetti,mbrosetti1b@youtube.com
49,Barbey,Merveille,bmerveille1c@livejournal.com
50,Murray,O'Mannion,momannion1d@cpanel.net
51,Gerri,Keemar,gkeemar1e@mozilla.com
52,Cissy,Costan,ccostan1f@unicef.org
53,Michaeline,Rutigliano,mrutigliano1g@nih.gov
54,Charissa,Rallinshaw,crallinshaw1h@nps.gov
55,Augustine,Luckie,aluckie1i@google.es
56,Tiphanie,Causnett,tcausnett1j@hexun.com
57,Paulette,Philippart,pphilippart1k@tumblr.com
58,Jessalyn,O'Flynn,joflynn1l@archive.org
59,Leda,Neate,lneate1m@irs.gov
60,Mada,Bagnell,mbagnell1n@ihg.com
61,Rosana,Mannion,rmannion1o@weebly.com
62,Marisa,Souley,msouley1p@google.de
63,Corney,Whatford,cwhatford1q@gravatar.com
64,Harlin,Bettley,hbettley1r@rambler.ru
65,Anette,Sturge,asturge1s@joomla.org
66,Benny,Nesfield,bnesfield1t@spotify.com
67,Claudelle,Marien,cmarien1u@msu.edu
68,Doti,Hansana,dhansana1v@dot.gov
69,Donaugh,Anstey,danstey1w@google.es
70,Neille,McGauhy,nmcgauhy1x@issuu.com
71,Marve,Vedeneev,mvedeneev1y@vinaora.com
72,Querida,Birdsall,qbirdsall1z@guardian.co.uk
73,Montgomery,Boyde,mboyde20@upenn.edu
74,Keelby,Spon,kspon21@rakuten.co.jp
75,Brandie,Colquhoun,bcolquhoun22@apple.com
76,Ulrick,Sabie,usabie23@exblog.jp
77,Mark,Fryatt,mfryatt24@ifeng.com
78,Lorne,Carson,lcarson25@last.fm
79,Alex,Le land,aleland26@accuweather.com
80,Cordie,McGuiness,cmcguiness27@huffingtonpost.com
81,Paco,Bolland,pbolland28@google.de
82,Dominik,Dunnan,ddunnan29@engadget.com
83,Lynn,Cossum,lcossum2a@t-online.de
84,Meredithe,Element,melement2b@ustream.tv
85,Sapphira,Beecker,sbeecker2c@drupal.org
86,Deva,Erlam,derlam2d@furl.net
87,Raynell,O'Keevan,rokeevan2e@wp.com
88,Thurstan,Putterill,tputterill2f@unesco.org
89,Tammie,Demaine,tdemaine2g@va.gov
90,Micky,Vanelli,mvanelli2h@sakura.ne.jp
91,Vaughan,Robertis,vrobertis2i@google.it
92,Salomi,Mc-Kerley,smckerley2j@xing.com
93,Correy,Plumridege,cplumridege2k@nhs.uk
94,Leda,Cosser,lcosser2l@mit.edu
95,Courtney,Tunney,ctunney2m@domainmarket.com
96,Fitz,Cordell,fcordell2n@canalblog.com
97,Neel,Belchamp,nbelchamp2o@gizmodo.com
98,Brock,Butting,bbutting2p@stumbleupon.com
99,Leroy,Balmforth,lbalmforth2q@blogs.com
100,Galvin,Boswood,gboswood2r@nbcnews.com
101,Merrill,Sprey,msprey2s@nydailynews.com
102,Gabbi,Larratt,glarratt2t@economist.com
103,Leonelle,McTerlagh,lmcterlagh2u@gravatar.com
104,Cord,Schreiner,cschreiner2v@twitter.com
105,Damita,Attryde,dattryde2w@qq.com
106,Saunder,Legion,slegion2x@un.org
107,Deina,Maidment,dmaidment2y@rambler.ru
108,Marcellus,Trippack,mtrippack2z@amazon.de
109,Neala,Joriot,njoriot30@1und1.de
110,Coralie,Coggon,ccoggon31@bbb.org
111,Dollie,Shewan,dshewan32@buzzfeed.com
112,Cirstoforo,Southcombe,csouthcombe33@alibaba.com
113,Fannie,Cota,fcota34@multiply.com
114,Kerianne,Newbury,knewbury35@prnewswire.com
115,Fields,Swindall,fswindall36@dion.ne.jp
116,Roby,Kerwen,rkerwen37@imageshack.us
117,Bale,Mottershaw,bmottershaw38@ed.gov
118,Lynde,Radleigh,lradleigh39@nytimes.com
119,Christine,Fortman,cfortman3a@is.gd
120,Mae,Swain,mswain3b@flickr.com
121,Penn,Popeley,ppopeley3c@timesonline.co.uk
122,Humfried,Scorer,hscorer3d@amazon.de
123,Sophie,Guilliatt,sguilliatt3e@dailymotion.com
124,Marybelle,Johananov,mjohananov3f@exblog.jp
125,Blondie,Hucknall,bhucknall3g@clickbank.net
126,Nelie,Furtado,nfurtado3h@sina.com.cn
127,Alana,Zanneli,azanneli3i@ihg.com
128,Mareah,Rickert,mrickert3j@springer.com
129,Avigdor,Nassy,anassy3k@meetup.com
130,Shannon,Dunsmuir,sdunsmuir3l@apple.com
131,Ferdie,Capenor,fcapenor3m@topsy.com
132,Les,Isacke,lisacke3n@amazon.de
133,Gladys,Amps,gamps3o@usnews.com
134,Vera,Giveen,vgiveen3p@nature.com
135,Sybille,Cone,scone3q@squidoo.com
136,Trumann,Glasheen,tglasheen3r@fema.gov
137,Florie,Killough,fkillough3s@macromedia.com
138,Weber,Schankelborg,wschankelborg3t@telegraph.co.uk
139,Angel,Russilll,arussilll3u@accuweather.com
140,Marge,Covil,mcovil3v@topsy.com
141,Elmo,Grocock,egrocock3w@ovh.net
142,Masha,Gerlack,mgerlack3x@dyndns.org
143,Boothe,Marns,bmarns3y@newyorker.com
144,Eadmund,Whitelaw,ewhitelaw3z@patch.com
145,Alicia,Hamberstone,ahamberstone40@tamu.edu
146,Jobye,De Vere,jdevere41@shop-pro.jp
147,Modesta,Lewzey,mlewzey42@amazon.de
148,Bethina,Scurrell,bscurrell43@comcast.net
149,Ashleigh,Deackes,adeackes44@freewebs.com
150,Berti,Gwilym,bgwilym45@illinois.edu
151,Ryann,MacTavish,rmactavish46@umich.edu
152,Amalle,Tregenza,atregenza47@rediff.com
153,Lisbeth,Casale,lcasale48@stanford.edu
154,Lemmie,Slaymaker,lslaymaker49@blogspot.com
155,Tatiania,Wickett,twickett4a@sogou.com
156,Anabal,Odhams,aodhams4b@unicef.org
157,Chip,Rapelli,crapelli4c@51.la
158,Staffard,Baselli,sbaselli4d@bbc.co.uk
159,Laetitia,Butterwick,lbutterwick4e@amazonaws.com
160,Burty,Avory,bavory4f@blogger.com
161,Mordecai,O'Scanlan,moscanlan4g@mapy.cz
162,Artemus,Sandells,asandells4h@fda.gov
163,Aurelea,Kubicki,akubicki4i@columbia.edu
164,Eva,Cochran,ecochran4j@mysql.com
165,Deloris,Cheeney,dcheeney4k@about.me
166,Clari,Inglefield,cinglefield4l@ycombinator.com
167,Gery,Cogdell,gcogdell4m@dion.ne.jp
168,Chrystel,Grayston,cgrayston4n@nsw.gov.au
169,Welby,Lancashire,wlancashire4o@europa.eu
170,Hanson,Bendig,hbendig4p@ox.ac.uk
171,Janifer,Kenlin,jkenlin4q@who.int
172,Woodie,Eddow,weddow4r@t.co
173,Rollins,Pownall,rpownall4s@joomla.org
174,Charmaine,Duester,cduester4t@independent.co.uk
175,Chaim,Januszewski,cjanuszewski4u@usa.gov
176,Yolanthe,Gheerhaert,ygheerhaert4v@chronoengine.com
177,Elisabetta,Gwinn,egwinn4w@jimdo.com
178,Vinnie,Cavy,vcavy4x@dailymotion.com
179,Calida,Bambrough,cbambrough4y@clickbank.net
180,Tucky,Inch,tinch4z@networksolutions.com
181,Daniele,Seydlitz,dseydlitz50@jimdo.com
182,Kaspar,Divis,kdivis51@t-online.de
183,Esmaria,Bernini,ebernini52@ameblo.jp
184,Jenifer,Burwood,jburwood53@auda.org.au
185,Gradey,Toombs,gtoombs54@ovh.net
186,Faye,Bartot,fbartot55@webs.com
187,Tobiah,Earp,tearp56@icio.us
188,Alidia,Mulliss,amulliss57@va.gov
189,Stinky,Attwill,sattwill58@rambler.ru
190,Monte,Dancy,mdancy59@senate.gov
191,North,Baselio,nbaselio5a@unc.edu
192,Georgena,Sherrard,gsherrard5b@umich.edu
193,Cynthy,Philps,cphilps5c@shop-pro.jp
194,Cary,Lapping,clapping5d@jiathis.com
195,Fairfax,Mulholland,fmulholland5e@princeton.edu
196,Deane,Hobbert,dhobbert5f@wikipedia.org
197,Thor,Reuter,treuter5g@csmonitor.com
198,Betsy,Cantwell,bcantwell5h@flickr.com
199,Rivi,Dowling,rdowling5i@dedecms.com
200,Enrika,Keynd,ekeynd5j@dagondesign.com
201,Reina,Rippen,rrippen5k@independent.co.uk
202,West,Dudney,wdudney5l@bloomberg.com
203,Rahal,Kopec,rkopec5m@aboutads.info
204,Marj,Marflitt,mmarflitt5n@gnu.org
205,Bev,Caudray,bcaudray5o@plala.or.jp
206,Tamar,Masterman,tmasterman5p@sohu.com
207,Bernhard,Pandie,bpandie5q@com.com
208,Micheline,Petrollo,mpetrollo5r@usnews.com
209,Korney,Ripping,kripping5s@dyndns.org
210,Cherry,Moxted,cmoxted5t@amazon.com
211,Silvana,Strangwood,sstrangwood5u@usa.gov
212,Whitby,Allston,wallston5v@businesswire.com
213,Shane,Poad,spoad5w@statcounter.com
214,Clarita,Detoile,cdetoile5x@myspace.com
215,Birgit,McKimm,bmckimm5y@wunderground.com
216,Ellissa,Wixey,ewixey5z@bluehost.com
217,Leland,Handling,lhandling60@jigsy.com
218,Georgina,Lount,glount61@wisc.edu
219,Kerby,Medford,kmedford62@reverbnation.com
220,Mamie,Southall,msouthall63@ning.com
221,Rockie,Overpool,roverpool64@wunderground.com
222,Berthe,Trumper,btrumper65@cdbaby.com
223,Sophia,Philippet,sphilippet66@posterous.com
224,Jacques,Colls,jcolls67@yellowpages.com
225,Madge,Laurisch,mlaurisch68@addtoany.com
226,Garold,Cannop,gcannop69@prnewswire.com
227,Roda,Abramof,rabramof6a@accuweather.com
228,Cathi,Benion,cbenion6b@gnu.org
229,Bonnee,Baumert,bbaumert6c@shop-pro.jp
230,Lenna,Toye,ltoye6d@biblegateway.com
231,Lionel,Wiburn,lwiburn6e@bbc.co.uk
232,Trude,Dutt,tdutt6f@gmpg.org
233,Sheela,Swetmore,sswetmore6g@nsw.gov.au
234,Atalanta,Gobeaux,agobeaux6h@rakuten.co.jp
235,Xymenes,Trodden,xtrodden6i@cpanel.net
236,Eli,Mathelin,emathelin6j@vimeo.com
237,Barrett,Humpherson,bhumpherson6k@cdc.gov
238,Rasla,MacGaughy,rmacgaughy6l@cam.ac.uk
239,Worden,Pfeffel,wpfeffel6m@nasa.gov
240,Kore,Angrove,kangrove6n@usa.gov
241,Taite,Cords,tcords6o@miibeian.gov.cn
242,Trip,Folkes,tfolkes6p@hp.com
243,Stefania,Schout,sschout6q@adobe.com
244,Adolph,Tille,atille6r@wikipedia.org
245,Keslie,Brunner,kbrunner6s@yandex.ru
246,Gloriane,Breazeall,gbreazeall6t@ftc.gov
247,Barrie,Alliberton,balliberton6u@over-blog.com
248,Angil,Paullin,apaullin6v@de.vu
249,Elysia,Le Brun,elebrun6w@dion.ne.jp
250,Hinze,Leney,hleney6x@themeforest.net
251,Roderic,Hayen,rhayen6y@cyberchimps.com
252,Rutledge,Robjents,rrobjents6z@opensource.org
253,Hanan,Batting,hbatting70@google.com
254,Anette,O'Brogan,aobrogan71@ca.gov
255,Wyn,Eggins,weggins72@mit.edu
256,Clint,Izzett,cizzett73@twitter.com
257,Ahmed,Davers,adavers74@npr.org
258,Ingram,Hilhouse,ihilhouse75@who.int
259,Vivian,Edwick,vedwick76@discuz.net
260,Grenville,Walkley,gwalkley77@google.ru
261,Mair,Seatter,mseatter78@a8.net
262,Hinze,Roderighi,hroderighi79@cmu.edu
263,Wakefield,Bickerstaff,wbickerstaff7a@google.com.br
264,Sharleen,Cosgrove,scosgrove7b@com.com
265,Selie,Rohfsen,srohfsen7c@is.gd
266,Rodge,Spinige,rspinige7d@dailymail.co.uk
267,Zea,Tue,ztue7e@opera.com
268,Carree,Dance,cdance7f@accuweather.com
269,Nady,Brattan,nbrattan7g@sun.com
270,Rockwell,Timmins,rtimmins7h@mozilla.com
271,Pietrek,Garvie,pgarvie7i@devhub.com
272,Sandi,Corbie,scorbie7j@skype.com
273,Skipton,Javes,sjaves7k@kickstarter.com
274,Sterne,Bitcheno,sbitcheno7l@vimeo.com
275,Agnella,Witten,awitten7m@google.ru
276,Thaddus,Pogosian,tpogosian7n@state.gov
277,Celestyna,Goodoune,cgoodoune7o@sciencedirect.com
278,Brier,Gosforth,bgosforth7p@bluehost.com
279,Nessy,Bramich,nbramich7q@ovh.net
280,Adrianne,Ferrino,aferrino7r@domainmarket.com
281,Brent,Shatliff,bshatliff7s@wix.com
282,Audry,Seivertsen,aseivertsen7t@forbes.com
283,Mirabel,Rotchell,mrotchell7u@skype.com
284,Willi,Gilson,wgilson7v@weebly.com
285,Merrielle,McEvilly,mmcevilly7w@surveymonkey.com
286,Lilian,Edmonston,ledmonston7x@arstechnica.com
287,Enrika,Sheering,esheering7y@discuz.net
288,Fran,Bruhke,fbruhke7z@slashdot.org
289,Waylin,Thurstance,wthurstance80@4shared.com
290,Ogdan,Mossdale,omossdale81@cnn.com
291,Greta,Shrimpton,gshrimpton82@miibeian.gov.cn
292,Cherianne,Madden,cmadden83@oracle.com
293,Fulton,Baskerfield,fbaskerfield84@alexa.com
294,Jillian,Bickerdike,jbickerdike85@uiuc.edu
295,Willabella,Dalyell,wdalyell86@blogger.com
296,Seana,Autin,sautin87@amazon.com
297,Normie,Habercham,nhabercham88@foxnews.com
298,Kittie,Ingrem,kingrem89@msu.edu
299,Bren,Brum,bbrum8a@soup.io
300,Ervin,Gossart,egossart8b@istockphoto.com
301,Putnam,Hegden,phegden8c@homestead.com
302,Siusan,Pilley,spilley8d@globo.com
303,Stephanie,Barhem,sbarhem8e@mlb.com
304,Grethel,Barmadier,gbarmadier8f@cyberchimps.com
305,Wally,Caunter,wcaunter8g@apple.com
306,Erroll,Sabathe,esabathe8h@washington.edu
307,Fredrika,Goldis,fgoldis8i@umich.edu
308,Junette,Haryngton,jharyngton8j@joomla.org
309,Rudolph,Barstock,rbarstock8k@is.gd
310,Shanon,Grieswood,sgrieswood8l@scribd.com
311,Aaren,Cawte,acawte8m@live.com
312,Von,Petrik,vpetrik8n@columbia.edu
313,Muffin,Sjostrom,msjostrom8o@springer.com
314,Peterus,Yuryshev,pyuryshev8p@live.com
315,Coleman,Covington,ccovington8q@discovery.com
316,Bobinette,Kahen,bkahen8r@people.com.cn
317,Bartholomew,Baty,bbaty8s@hugedomains.com
318,Sigismondo,Hadwen,shadwen8t@typepad.com
319,Lanita,Lothlorien,llothlorien8u@eventbrite.com
320,Trace,Brachell,tbrachell8v@alibaba.com
321,Abe,McBlain,amcblain8w@vinaora.com
322,Kirk,Cardillo,kcardillo8x@sohu.com
323,Cilka,Fivey,cfivey8y@techcrunch.com
324,Brook,Stanway,bstanway8z@arizona.edu
325,Patrizio,Poytres,ppoytres90@ucla.edu
326,Izak,O'Rafferty,iorafferty91@ibm.com
327,Zabrina,Nyland,znyland92@omniture.com
328,Nanci,Cullinane,ncullinane93@qq.com
329,Ivor,Salkild,isalkild94@independent.co.uk
330,Helenelizabeth,Rintoul,hrintoul95@creativecommons.org
331,Gale,Lohoar,glohoar96@boston.com
332,Juliane,Maudsley,jmaudsley97@buzzfeed.com
333,Athena,Ulrik,aulrik98@cisco.com
334,Erek,Middup,emiddup99@jimdo.com
335,Winifred,Fratson,wfratson9a@multiply.com
336,Alaster,Turvie,aturvie9b@deliciousdays.com
337,Kath,Belfrage,kbelfrage9c@sun.com
338,Ari,Seabridge,aseabridge9d@taobao.com
339,Norma,Sendley,nsendley9e@goodreads.com
340,Courtnay,Ghiraldi,cghiraldi9f@youtu.be
341,Leoine,Kimmings,lkimmings9g@twitpic.com
342,Yvonne,De Lasci,ydelasci9h@google.com.au
343,Carver,Coalbran,ccoalbran9i@163.com
344,Marshal,Rossey,mrossey9j@example.com
345,Fayth,Dutnell,fdutnell9k@princeton.edu
346,Pammy,Oke,poke9l@instagram.com
347,Bren,Highton,bhighton9m@bloglovin.com
348,Rog,Golby,rgolby9n@about.com
349,Mariquilla,Joyes,mjoyes9o@deliciousdays.com
350,Kipper,Zanuciolii,kzanuciolii9p@theguardian.com
351,Nevil,Churchill,nchurchill9q@addtoany.com
352,Clark,Queste,cqueste9r@admin.ch
353,Roz,Work,rwork9s@rambler.ru
354,Pat,Feeney,pfeeney9t@flavors.me
355,Beniamino,Chastand,bchastand9u@washington.edu
356,Donica,Scolts,dscolts9v@yellowpages.com
357,Noelyn,Yarnell,nyarnell9w@stanford.edu
358,Pascale,O'Kuddyhy,pokuddyhy9x@ebay.com
359,Franklin,Stringfellow,fstringfellow9y@etsy.com
360,Kacie,Snaden,ksnaden9z@dion.ne.jp
361,Karalee,Alldread,kalldreada0@gnu.org
362,Rusty,Bende,rbendea1@forbes.com
363,Jack,Kingaby,jkingabya2@moonfruit.com
364,Stesha,Buse,sbusea3@liveinternet.ru
365,Valida,Coad,vcoada4@unc.edu
366,Joly,Windmill,jwindmilla5@wunderground.com
367,Krisha,Vinsen,kvinsena6@mit.edu
368,Micheal,Cottey,mcotteya7@cdc.gov
369,Orelia,Jesty,ojestya8@irs.gov
370,Horten,Mc Dermid,hmcdermida9@delicious.com
371,Aguste,Buckerfield,abuckerfieldaa@myspace.com
372,Kalina,Nowill,knowillab@macromedia.com
373,Feliza,Dobrowolski,fdobrowolskiac@drupal.org
374,Loren,Allom,lallomad@epa.gov
375,Marice,Rowcastle,mrowcastleae@geocities.com
376,Adoree,MacGibbon,amacgibbonaf@scientificamerican.com
377,Rochell,Mattheeuw,rmattheeuwag@usa.gov
378,Izabel,Wedge,iwedgeah@youku.com
379,Elvyn,Bigland,ebiglandai@sciencedaily.com
380,Garvey,Stubbins,gstubbinsaj@delicious.com
381,Ross,Walford,rwalfordak@rediff.com
382,Maybelle,Bettenson,mbettensonal@paginegialle.it
383,Em,Trapp,etrappam@ehow.com
384,Sylvester,Ongin,songinan@google.com.au
385,Halley,Leamon,hleamonao@businesswire.com
386,Marlon,Loffhead,mloffheadap@google.co.uk
387,Silvan,Gonsalvez,sgonsalvezaq@ibm.com
388,Reinald,Harniman,rharnimanar@sfgate.com
389,Casey,Swash,cswashas@usatoday.com
390,Myrwyn,Prescot,mprescotat@google.co.jp
391,Heddi,Whitland,hwhitlandau@globo.com
392,Sherwood,Snoxell,ssnoxellav@samsung.com
393,Sammy,Ludewig,sludewigaw@uiuc.edu
394,Almeria,Davidy,adavidyax@dion.ne.jp
395,Roanna,Kyne,rkyneay@storify.com
396,Archaimbaud,Marcome,amarcomeaz@harvard.edu
397,Perl,Rennock,prennockb0@google.com.br
398,Hamish,Murr,hmurrb1@latimes.com
399,Gabrielle,Picford,gpicfordb2@marriott.com
400,Juanita,Du Plantier,jduplantierb3@google.com.br
401,Ned,Kitson,nkitsonb4@com.com
402,Cherey,Frohock,cfrohockb5@tamu.edu
403,Dolli,Truckell,dtruckellb6@edublogs.org
404,Jessie,Sugar,jsugarb7@hao123.com
405,Tess,Bruna,tbrunab8@indiegogo.com
406,Rebeca,Lochrie,rlochrieb9@behance.net
407,Nertie,Faltskog,nfaltskogba@bloomberg.com
408,Nicolina,Brandon,nbrandonbb@1688.com
409,Felicia,Yakovliv,fyakovlivbc@wunderground.com
410,Tirrell,Silk,tsilkbd@intel.com
411,Nils,Coales,ncoalesbe@whitehouse.gov
412,Wanda,MacAllen,wmacallenbf@pinterest.com
413,Madelena,Elkins,melkinsbg@themeforest.net
414,Clerc,Coulbeck,ccoulbeckbh@china.com.cn
415,Benjy,Pleasaunce,bpleasauncebi@ycombinator.com
416,Nevil,Goble,ngoblebj@sciencedirect.com
417,Britteny,Bolderoe,bbolderoebk@comsenz.com
418,Hettie,Week,hweekbl@yandex.ru
419,Dannel,Spender,dspenderbm@hao123.com
420,Essie,Duthy,eduthybn@merriam-webster.com
421,Ronnica,Righy,rrighybo@diigo.com
422,Avictor,Yarnall,ayarnallbp@amazon.com
423,Clarette,Malenoir,cmalenoirbq@mail.ru
424,Kevin,Merriment,kmerrimentbr@utexas.edu
425,Sidonnie,Orwin,sorwinbs@purevolume.com
426,Ronnie,Cauthra,rcauthrabt@furl.net
427,Germayne,Stops,gstopsbu@vistaprint.com
428,Otis,Ather,oatherbv@usa.gov
429,Amitie,Philpots,aphilpotsbw@buzzfeed.com
430,Tonye,McGruar,tmcgruarbx@goo.gl
431,Juliann,Pires,jpiresby@java.com
432,Cissy,Boodle,cboodlebz@boston.com
433,Deb,Mabley,dmableyc0@shutterfly.com
434,Flint,Halhead,fhalheadc1@prnewswire.com
435,Alford,Claypoole,aclaypoolec2@rediff.com
436,Cosette,Earlam,cearlamc3@blogger.com
437,Odele,Casey,ocaseyc4@cafepress.com
438,Poppy,D'Hooge,pdhoogec5@google.co.uk
439,Fawn,Ick,fickc6@google.com
440,Towney,Boughton,tboughtonc7@ft.com
441,Joyce,Dradey,jdradeyc8@ihg.com
442,Karlene,Yackiminie,kyackiminiec9@hc360.com
443,Marysa,Schwandermann,mschwandermannca@digg.com
444,Kippar,Mc Gee,kmcgeecb@dailymotion.com
445,Dianna,Jennings,djenningscc@shutterfly.com
446,Yehudi,Lightbourn,ylightbourncd@histats.com
447,Regina,Nast,rnastce@soup.io
448,Kaitlynn,Stredwick,kstredwickcf@epa.gov
449,Viki,Ivanov,vivanovcg@indiatimes.com
450,Gabbi,Potten,gpottench@google.nl
451,Saree,Mugford,smugfordci@bizjournals.com
452,Christiana,Ambrosoni,cambrosonicj@github.com
453,Dynah,Baggot,dbaggotck@baidu.com
454,Nadeen,Basey,nbaseycl@google.ru
455,Quint,Eaken,qeakencm@arstechnica.com
456,Della,Hughs,dhughscn@businessinsider.com
457,Candide,Gutcher,cgutcherco@state.tx.us
458,Svend,Verman,svermancp@umn.edu
459,Merwyn,Antonioni,mantonionicq@arstechnica.com
460,Leta,Batten,lbattencr@cnn.com
461,Earl,Cosson,ecossoncs@technorati.com
462,Guinna,Pemble,gpemblect@e-recht24.de
463,Etheline,De Vaan,edevaancu@1und1.de
464,Vincents,McGeever,vmcgeevercv@plala.or.jp
465,Farrell,Shovelbottom,fshovelbottomcw@godaddy.com
466,Leona,Musselwhite,lmusselwhitecx@sphinn.com
467,Maryanne,Beckley,mbeckleycy@sphinn.com
468,Silvano,Janc,sjanccz@reuters.com
469,Ase,Mantram,amantramd0@wikipedia.org
470,Corby,McCluin,cmccluind1@illinois.edu
471,Natka,Dickie,ndickied2@stanford.edu
472,Germayne,Woolham,gwoolhamd3@nps.gov
473,Lyon,Dobeson,ldobesond4@bluehost.com
474,Caralie,Negal,cnegald5@soup.io
475,Lusa,Sayle,lsayled6@bloglines.com
476,Olivie,Sorley,osorleyd7@cloudflare.com
477,Gerik,Autrie,gautried8@umich.edu
478,Renata,Gerrans,rgerransd9@wired.com
479,Dom,Rozycki,drozyckida@princeton.edu
480,Pail,de Guerre,pdeguerredb@go.com
481,Jehu,Ceeley,jceeleydc@surveymonkey.com
482,Jeanie,Bontoft,jbontoftdd@wix.com
483,Cherrita,Mehmet,cmehmetde@discuz.net
484,Cordy,Scarlan,cscarlandf@github.io
485,Ford,Gerling,fgerlingdg@wikipedia.org
486,Fran,Varker,fvarkerdh@omniture.com
487,Reinhard,Dawtry,rdawtrydi@liveinternet.ru
488,Trefor,Iacobassi,tiacobassidj@nbcnews.com
489,Enid,Shapera,eshaperadk@microsoft.com
490,Darbie,Pieper,dpieperdl@dell.com
491,Carl,D'Ambrogi,cdambrogidm@exblog.jp
492,Dorey,Witard,dwitarddn@ucoz.com
493,Mureil,Grimster,mgrimsterdo@comsenz.com
494,Iago,Gilderoy,igilderoydp@sfgate.com
495,Jessica,Scrowston,jscrowstondq@simplemachines.org
496,Filberto,Carthy,fcarthydr@walmart.com
497,Correna,Wilacot,cwilacotds@geocities.com
498,Bear,Cheeney,bcheeneydt@huffingtonpost.com
499,Dominica,Wallsworth,dwallsworthdu@deviantart.com
500,Georgianna,Mingus,gmingusdv@patch.com
501,Cyrillus,Swinburn,cswinburndw@pagesperso-orange.fr
502,Ardeen,Doram,adoramdx@gov.uk
503,Delia,Whitlaw,dwhitlawdy@dailymotion.com
504,Hal,Dizlie,hdizliedz@edublogs.org
505,Junie,Abelwhite,jabelwhitee0@w3.org
506,Karim,De La Cote,kdelacotee1@patch.com
507,Denny,Geraudel,dgeraudele2@cargocollective.com
508,Chance,Cudbird,ccudbirde3@msu.edu
509,Sergei,Kabisch,skabische4@webmd.com
510,Muhammad,Stubbin,mstubbine5@deliciousdays.com
511,Nikoletta,Meeny,nmeenye6@economist.com
512,Valry,Stellman,vstellmane7@psu.edu
513,Jena,Comello,jcomelloe8@nydailynews.com
514,Bram,Vanstone,bvanstonee9@amazonaws.com
515,Marna,Hilldrop,mhilldropea@xing.com
516,Benni,Goacher,bgoachereb@xrea.com
517,Reece,Allain,rallainec@google.pl
518,Grace,Heiden,gheidened@sogou.com
519,Pansy,Girault,pgiraultee@nationalgeographic.com
520,Theodoric,MacKeig,tmackeigef@slate.com
521,Cody,Adamovitz,cadamovitzeg@scientificamerican.com
522,Tabbi,Leroux,tlerouxeh@webeden.co.uk
523,Mallissa,Moehle,mmoehleei@va.gov
524,Gordan,Dingivan,gdingivanej@mozilla.org
525,Scotty,Forsdyke,sforsdykeek@desdev.cn
526,Zacherie,Fruin,zfruinel@sina.com.cn
527,Maggee,Diggles,mdigglesem@wikispaces.com
528,Arvie,MacMaykin,amacmaykinen@goodreads.com
529,Ramona,Ornils,rornilseo@icio.us
530,Reg,Kurten,rkurtenep@accuweather.com
531,Mollee,Pilley,mpilleyeq@xrea.com
532,Bren,Trynor,btrynorer@mashable.com
533,Ulrica,Wixey,uwixeyes@edublogs.org
534,Sean,Canedo,scanedoet@marriott.com
535,Jessee,Dodridge,jdodridgeeu@nature.com
536,Leola,Pickthorne,lpickthorneev@columbia.edu
537,Bartie,Greeveson,bgreevesonew@ucla.edu
538,Damiano,Steggles,dstegglesex@vimeo.com
539,Banky,Itzkovitch,bitzkovitchey@msn.com
540,Reube,Dimock,rdimockez@cocolog-nifty.com
541,Averill,McGriele,amcgrielef0@meetup.com
542,Reggi,Ogilby,rogilbyf1@fda.gov
543,Raimund,Angelo,rangelof2@eepurl.com
544,Rodina,Heskin,rheskinf3@mapy.cz
545,Alano,O' Kelleher,aokelleherf4@examiner.com
546,Bayard,Pierson,bpiersonf5@webeden.co.uk
547,Borden,Gosden,bgosdenf6@bbb.org
548,Laurent,Haistwell,lhaistwellf7@smugmug.com
549,Allie,Jobson,ajobsonf8@twitpic.com
550,Gustavus,Antoney,gantoneyf9@wikispaces.com
551,Renie,Dewbury,rdewburyfa@cnet.com
552,Katleen,Sebire,ksebirefb@businessweek.com
553,Troy,Clulow,tclulowfc@mtv.com
554,Raphaela,Lynn,rlynnfd@domainmarket.com
555,Tracy,Oxley,toxleyfe@nbcnews.com
556,Emalia,Hickenbottom,ehickenbottomff@dell.com
557,Brody,Killimister,bkillimisterfg@mysql.com
558,Lyn,Vincent,lvincentfh@timesonline.co.uk
559,Zelda,Kerswell,zkerswellfi@bloglovin.com
560,Yoko,Lowre,ylowrefj@soundcloud.com
561,Dinah,Yaxley,dyaxleyfk@ox.ac.uk
562,Zerk,Bourne,zbournefl@state.tx.us
563,Gustie,Bimson,gbimsonfm@com.com
564,Idelle,Cockin,icockinfn@dagondesign.com
565,Giulia,Short,gshortfo@bigcartel.com
566,Myrah,Shelbourne,mshelbournefp@gnu.org
567,Marisa,Joffe,mjoffefq@posterous.com
568,Alis,Darnbrook,adarnbrookfr@tumblr.com
569,Wynn,Hay,whayfs@intel.com
570,Amandi,Jagiello,ajagielloft@ifeng.com
571,Yovonnda,Sarl,ysarlfu@opensource.org
572,Noll,Kernoghan,nkernoghanfv@geocities.com
573,Dania,Lavarack,dlavarackfw@google.co.jp
574,Analiese,Bende,abendefx@jalbum.net
575,Edgardo,Foxten,efoxtenfy@flickr.com
576,Katherina,Coulman,kcoulmanfz@zdnet.com
577,Cly,Foster-Smith,cfostersmithg0@who.int
578,Dorian,Medgewick,dmedgewickg1@timesonline.co.uk
579,Jarrad,Batters,jbattersg2@omniture.com
580,Annmaria,Dunderdale,adunderdaleg3@washington.edu
581,Kristina,Hamshaw,khamshawg4@baidu.com
582,Daphna,Willsmore,dwillsmoreg5@symantec.com
583,Carmelle,Elner,celnerg6@surveymonkey.com
584,Bertha,Cotterel,bcotterelg7@icq.com
585,Herold,Ainslie,hainslieg8@statcounter.com
586,Allistir,Paoli,apaolig9@virginia.edu
587,Bethany,Beckinsall,bbeckinsallga@qq.com
588,Daniella,Ridgway,dridgwaygb@surveymonkey.com
589,Glynn,Bradford,gbradfordgc@europa.eu
590,Eddie,Worsam,eworsamgd@jigsy.com
591,Junina,Mulvin,jmulvinge@kickstarter.com
592,Reece,Kording,rkordinggf@cafepress.com
593,Keary,Bougourd,kbougourdgg@indiatimes.com
594,Uriah,Laying,ulayinggh@chronoengine.com
595,Donella,Ropcke,dropckegi@simplemachines.org
596,Kristal,Giovannetti,kgiovannettigj@blogs.com
597,Claretta,Dumbare,cdumbaregk@netscape.com
598,Gwynne,Buchett,gbuchettgl@springer.com
599,Jaquenette,Stephens,jstephensgm@prlog.org
600,Royall,Riba,rribagn@nbcnews.com
601,Scott,Howes,showesgo@msu.edu
602,Carolyne,Gasken,cgaskengp@newyorker.com
603,Legra,Oliva,lolivagq@friendfeed.com
604,Celestia,Chaplyn,cchaplyngr@who.int
605,Dominique,Padwick,dpadwickgs@live.com
606,Joleen,Spennock,jspennockgt@wikia.com
607,Milo,Duncan,mduncangu@scientificamerican.com
608,Gaby,Boutton,gbouttongv@un.org
609,Corina,Sanderson,csandersongw@harvard.edu
610,Tova,Housam,thousamgx@forbes.com
611,Jerri,Acres,jacresgy@usda.gov
612,Murvyn,Singh,msinghgz@prweb.com
613,Maggie,Govier,mgovierh0@eventbrite.com
614,Oliy,Goulstone,ogoulstoneh1@twitpic.com
615,Justus,Kirsch,jkirschh2@apple.com
616,Theresina,Stillert,tstillerth3@ucoz.com
617,Quintina,Tschirschky,qtschirschkyh4@mysql.com
618,Keelby,Plevin,kplevinh5@bigcartel.com
619,Tobye,Andrys,tandrysh6@google.cn
620,Sheridan,Monahan,smonahanh7@google.cn
621,Madeleine,Phillot,mphilloth8@technorati.com
622,Lillian,Strathman,lstrathmanh9@wordpress.org
623,Lizbeth,Thirkettle,lthirkettleha@who.int
624,Sapphira,McSparran,smcsparranhb@canalblog.com
625,Padgett,Nutkins,pnutkinshc@shinystat.com
626,Tersina,Stubbes,tstubbeshd@hp.com
627,Onofredo,Tubbles,otubbleshe@whitehouse.gov
628,Marilin,Shurville,mshurvillehf@godaddy.com
629,Cordie,Collopy,ccollopyhg@shop-pro.jp
630,Jeannine,Dutnell,jdutnellhh@japanpost.jp
631,Charmaine,Wadwell,cwadwellhi@paginegialle.it
632,Richmond,Beldan,rbeldanhj@mail.ru
633,Bernarr,Threlfall,bthrelfallhk@cbc.ca
634,Sofia,Folbig,sfolbighl@craigslist.org
635,Arel,Leggin,alegginhm@amazon.co.jp
636,Ferrell,Risely,friselyhn@unesco.org
637,Sharron,Faro,sfaroho@harvard.edu
638,Darb,Schettini,dschettinihp@admin.ch
639,Georgeta,Colegrove,gcolegrovehq@bloomberg.com
640,Urban,MacDonnell,umacdonnellhr@xing.com
641,Michail,Hansard,mhansardhs@eepurl.com
642,Joela,Monan,jmonanht@statcounter.com
643,Klarrisa,Hayland,khaylandhu@plala.or.jp
644,Ebenezer,Larsen,elarsenhv@list-manage.com
645,Margaretha,Minci,mmincihw@mediafire.com
646,Riobard,Stitle,rstitlehx@addtoany.com
647,Jock,Kelshaw,jkelshawhy@reddit.com
648,Caresa,Binnion,cbinnionhz@hp.com
649,Nara,Laffin,nlaffini0@hatena.ne.jp
650,Dniren,Ure,durei1@icio.us
651,Kennett,Pybus,kpybusi2@google.co.jp
652,Yankee,Esselen,yesseleni3@yellowpages.com
653,Kasey,Schimoni,kschimonii4@si.edu
654,Martelle,Suddards,msuddardsi5@usgs.gov
655,Weber,Batey,wbateyi6@tripod.com
656,Britt,McTear,bmcteari7@spiegel.de
657,Mal,Hundey,mhundeyi8@omniture.com
658,Netty,Trusdale,ntrusdalei9@aboutads.info
659,Freddy,Canape,fcanapeia@apache.org
660,Esmaria,Lange,elangeib@canalblog.com
661,Chadwick,Gauntlett,cgauntlettic@vinaora.com
662,Benny,Hooke,bhookeid@wsj.com
663,Caryl,Paoli,cpaoliie@addtoany.com
664,Ealasaid,Forrestor,eforrestorif@mediafire.com
665,Renelle,Leimster,rleimsterig@sourceforge.net
666,Thelma,Gensavage,tgensavageih@yale.edu
667,Aveline,Attenburrow,aattenburrowii@thetimes.co.uk
668,Thurstan,Wooder,twooderij@studiopress.com
669,Tracy,Hartland,thartlandik@is.gd
670,Nona,Naldrett,nnaldrettil@businessinsider.com
671,Vasilis,Crosston,vcrosstonim@bbc.co.uk
672,Mandi,Mulhall,mmulhallin@indiatimes.com
673,Joella,Morffew,jmorffewio@theglobeandmail.com
674,Rhody,Ebrall,rebrallip@businessweek.com
675,Jacquelyn,Fortie,jfortieiq@csmonitor.com
676,Chickie,Guy,cguyir@mediafire.com
677,Wynny,Syalvester,wsyalvesteris@technorati.com
678,Noll,Andreone,nandreoneit@nytimes.com
679,Evita,O'Tuohy,eotuohyiu@drupal.org
680,Reinaldo,Porker,rporkeriv@istockphoto.com
681,Christyna,Cragell,ccragelliw@trellian.com
682,Jacobo,Mayte,jmayteix@nymag.com
683,Brianna,Topaz,btopaziy@globo.com
684,Gerianna,Staveley,gstaveleyiz@com.com
685,Conchita,McDougall,cmcdougallj0@hc360.com
686,Ashton,Reder,arederj1@histats.com
687,Darci,Solano,dsolanoj2@blogs.com
688,Lonny,Dumphries,ldumphriesj3@dropbox.com
689,Eugenie,Deveral,edeveralj4@list-manage.com
690,Patrizio,Donaho,pdonahoj5@mapy.cz
691,Audie,Hulk,ahulkj6@cnet.com
692,Jermain,Pettitt,jpettittj7@state.tx.us
693,Ciel,Lunt,cluntj8@chron.com
694,Tandy,Toulch,ttoulchj9@discovery.com
695,Edithe,Botterman,ebottermanja@youku.com
696,Winona,Fryd,wfrydjb@skype.com
697,Evonne,Berrey,eberreyjc@narod.ru
698,Sarajane,Gerardin,sgerardinjd@answers.com
699,Heinrik,Nardi,hnardije@ucoz.com
700,Gavan,Chilley,gchilleyjf@phpbb.com
701,Illa,Napolitano,inapolitanojg@prlog.org
702,Rem,Sessuns,rsessunsjh@time.com
703,Megen,Mobberley,mmobberleyji@desdev.cn
704,Theodora,Lamperti,tlampertijj@diigo.com
705,Chloe,Deboo,cdeboojk@feedburner.com
706,Nealy,Pilley,npilleyjl@theglobeandmail.com
707,Hill,Gramer,hgramerjm@constantcontact.com
708,Benoit,Kittow,bkittowjn@independent.co.uk
709,Granger,Whorall,gwhoralljo@ehow.com
710,Tore,Tertre,ttertrejp@alexa.com
711,Sybilla,Janota,sjanotajq@jimdo.com
712,Fredelia,de Tocqueville,fdetocquevillejr@engadget.com
713,Denise,Seyler,dseylerjs@earthlink.net
714,Pepi,Stenhouse,pstenhousejt@dmoz.org
715,Jorie,Gosson,jgossonju@fda.gov
716,Gabe,Wainwright,gwainwrightjv@disqus.com
717,Hugh,Dehmel,hdehmeljw@yolasite.com
718,Genovera,Challice,gchallicejx@economist.com
719,Calhoun,Dallison,cdallisonjy@google.ru
720,Orville,Meach,omeachjz@baidu.com
721,Brad,Roddam,broddamk0@yellowpages.com
722,Merissa,Kohrding,mkohrdingk1@tripadvisor.com
723,Marylee,Whitten,mwhittenk2@dyndns.org
724,Faye,Corn,fcornk3@alibaba.com
725,Morse,Vedyasov,mvedyasovk4@marriott.com
726,Cordelie,Kitlee,ckitleek5@acquirethisname.com
727,Corrinne,Petroselli,cpetrosellik6@ucoz.ru
728,Alla,Casaccia,acasacciak7@mapy.cz
729,Henriette,Parlet,hparletk8@amazon.de
730,Agnese,Starbeck,astarbeckk9@issuu.com
731,Aube,Cereceres,acerecereska@cbc.ca
732,Joshua,Romanin,jromaninkb@ameblo.jp
733,Nicolle,Killshaw,nkillshawkc@bbc.co.uk
734,Sara-ann,Wickenden,swickendenkd@canalblog.com
735,Shannan,Collington,scollingtonke@netscape.com
736,Kerri,Unwin,kunwinkf@usgs.gov
737,Cinnamon,Hann,channkg@huffingtonpost.com
738,Noby,Shitliff,nshitliffkh@utexas.edu
739,Kelcey,Letertre,kletertreki@pinterest.com
740,Candy,Lante,clantekj@github.com
741,Ardene,Whitear,awhitearkk@istockphoto.com
742,Tab,Picker,tpickerkl@dell.com
743,Gwenneth,Rouf,groufkm@earthlink.net
744,Giffie,Skeemor,gskeemorkn@4shared.com
745,Henrieta,McGilmartin,hmcgilmartinko@nationalgeographic.com
746,Lotti,Keston,lkestonkp@mashable.com
747,Vyky,Fowlds,vfowldskq@theguardian.com
748,Iolanthe,Greenham,igreenhamkr@samsung.com
749,Juditha,Fonzone,jfonzoneks@instagram.com
750,Abbot,Akehurst,aakehurstkt@amazon.com
751,Simonette,Bucknell,sbucknellku@i2i.jp
752,Hedvig,Basnett,hbasnettkv@umn.edu
753,Katherine,Cavanagh,kcavanaghkw@oakley.com
754,Berke,Yegorkin,byegorkinkx@squidoo.com
755,Whitney,McGilroy,wmcgilroyky@reddit.com
756,Dorris,Ranger,drangerkz@sfgate.com
757,Waldon,Hankins,whankinsl0@sciencedaily.com
758,Wilmer,Fludgate,wfludgatel1@miibeian.gov.cn
759,Lilith,Duetsche,lduetschel2@is.gd
760,Manya,Endon,mendonl3@yahoo.com
761,Nikki,Sitlington,nsitlingtonl4@illinois.edu
762,Gran,Froud,gfroudl5@networksolutions.com
763,David,Cordelet,dcordeletl6@yolasite.com
764,Terri,Sheraton,tsheratonl7@google.com
765,Colin,Balsellie,cbalselliel8@google.nl
766,Kakalina,Saltmarshe,ksaltmarshel9@cmu.edu
767,Eddy,Deverale,edeveralela@github.io
768,Rosanne,Hall,rhalllb@theatlantic.com
769,Corty,Tapply,ctapplylc@about.me
770,Elicia,Lanphere,elanphereld@bbc.co.uk
771,Patricio,Conduit,pconduitle@mapquest.com
772,Anetta,Darnbrough,adarnbroughlf@oakley.com
773,Filberto,D'Alesio,fdalesiolg@dot.gov
774,Chastity,Cramer,ccramerlh@freewebs.com
775,Viola,Ferson,vfersonli@columbia.edu
776,Emelina,Friar,efriarlj@cnn.com
777,Saunders,Rambaut,srambautlk@google.com.au
778,Debra,Noble,dnoblell@patch.com
779,Sholom,Giorgi,sgiorgilm@marketwatch.com
780,Gwendolin,Swanbourne,gswanbourneln@ca.gov
781,Terence,Inglesent,tinglesentlo@pen.io
782,Abram,Simonyi,asimonyilp@merriam-webster.com
783,Bunni,Maytom,bmaytomlq@tiny.cc
784,Hetty,Reimers,hreimerslr@slideshare.net
785,Roderic,D'eathe,rdeathels@wp.com
786,Pammy,Mc Carroll,pmccarrolllt@wisc.edu
787,Leona,Flight,lflightlu@plala.or.jp
788,Candace,Tallent,ctallentlv@theatlantic.com
789,Lefty,Petrelli,lpetrellilw@issuu.com
790,Elroy,Pleat,epleatlx@bigcartel.com
791,Pieter,Kidner,pkidnerly@hatena.ne.jp
792,Elwin,Youle,eyoulelz@blogspot.com
793,Laurena,Veltmann,lveltmannm0@wp.com
794,Thaddus,Skacel,tskacelm1@diigo.com
795,Raven,Ericsson,rericssonm2@desdev.cn
796,Dewey,Loudwell,dloudwellm3@techcrunch.com
797,Laural,Beedom,lbeedomm4@mayoclinic.com
798,Eleni,Gerasch,egeraschm5@clickbank.net
799,Maible,Brimmell,mbrimmellm6@hostgator.com
800,Berri,Riggoll,briggollm7@over-blog.com
801,Tremayne,McTavish,tmctavishm8@chron.com
802,Pam,Windsor,pwindsorm9@ustream.tv
803,Elinore,Litherland,elitherlandma@tinyurl.com
804,Cynthia,McGinnis,cmcginnismb@mail.ru
805,Bamby,Goodswen,bgoodswenmc@xinhuanet.com
806,Aldric,Kevis,akevismd@ustream.tv
807,Clemence,Gorham,cgorhamme@unblog.fr
808,Donny,McGillacoell,dmcgillacoellmf@marriott.com
809,Ari,Busen,abusenmg@ted.com
810,Rudolph,Imlock,rimlockmh@surveymonkey.com
811,Erminie,Shinton,eshintonmi@dailymotion.com
812,Hebert,Roberds,hroberdsmj@ftc.gov
813,Connor,Mingauld,cmingauldmk@opensource.org
814,Dmitri,MacPadene,dmacpadeneml@amazon.de
815,Henriette,Roubay,hroubaymm@woothemes.com
816,Connor,Tate,ctatemn@mtv.com
817,Nerty,Anshell,nanshellmo@reference.com
818,Rycca,Corde,rcordemp@sohu.com
819,Antone,Isted,aistedmq@reference.com
820,Babbette,Tomek,btomekmr@cmu.edu
821,Morgana,Pyott,mpyottms@booking.com
822,Elwyn,Husselbee,ehusselbeemt@telegraph.co.uk
823,Ivan,Minnock,iminnockmu@so-net.ne.jp
824,Eric,Kurton,ekurtonmv@livejournal.com
825,Camala,Kort,ckortmw@odnoklassniki.ru
826,Corey,Pulford,cpulfordmx@netscape.com
827,Valentine,Muschette,vmuschettemy@google.cn
828,Hershel,Smy,hsmymz@infoseek.co.jp
829,Valeria,Skace,vskacen0@mit.edu
830,Bibi,Robertis,brobertisn1@weibo.com
831,Arnoldo,Hedling,ahedlingn2@google.cn
832,Tracey,Scrooby,tscroobyn3@webs.com
833,Sibylle,Thys,sthysn4@miitbeian.gov.cn
834,Aurthur,Saundercock,asaundercockn5@google.ru
835,Wernher,Sheaber,wsheabern6@slashdot.org
836,Augustus,Morrott,amorrottn7@cocolog-nifty.com
837,Franny,Newborn,fnewbornn8@squidoo.com
838,Fowler,Siggee,fsiggeen9@bizjournals.com
839,Leone,Markl,lmarklna@domainmarket.com
840,Jilly,Lutsch,jlutschnb@yolasite.com
841,Travis,Underwood,tunderwoodnc@twitter.com
842,Wilhelmina,Treweke,wtrewekend@gmpg.org
843,Gussi,Allone,gallonene@newsvine.com
844,Hermann,O'Dee,hodeenf@about.me
845,Victoir,Arbor,varborng@economist.com
846,Francklin,Balcombe,fbalcombenh@businesswire.com
847,Cordelie,Chevolleau,cchevolleauni@fastcompany.com
848,Annelise,Mapholm,amapholmnj@mit.edu
849,Page,Kenworthy,pkenworthynk@hatena.ne.jp
850,Valina,Tromans,vtromansnl@amazon.de
851,Saw,Bert,sbertnm@discuz.net
852,Janaye,Tidcombe,jtidcombenn@amazonaws.com
853,Mommy,Overthrow,moverthrowno@flickr.com
854,Elvin,Swarbrigg,eswarbriggnp@drupal.org
855,Caddric,von Hagt,cvonhagtnq@amazon.com
856,Karl,Grabert,kgrabertnr@europa.eu
857,Katalin,Tunstall,ktunstallns@xrea.com
858,Janel,Colquitt,jcolquittnt@godaddy.com
859,Jody,Peacey,jpeaceynu@bandcamp.com
860,Leticia,Fanstone,lfanstonenv@soup.io
861,Mitchel,Iacovo,miacovonw@nps.gov
862,Ginny,Napoli,gnapolinx@livejournal.com
863,Ambrosio,McNab,amcnabny@house.gov
864,Laurent,Riddick,lriddicknz@pbs.org
865,Daryn,Rodliff,drodliffo0@columbia.edu
866,Gretta,Itzhaki,gitzhakio1@homestead.com
867,Letti,Le Brom,llebromo2@mapy.cz
868,Kelly,Jellico,kjellicoo3@fema.gov
869,Bobinette,Philipard,bphilipardo4@netlog.com
870,Quinlan,Yanne,qyanneo5@wufoo.com
871,Davide,Mulgrew,dmulgrewo6@cbslocal.com
872,Byrann,Bartalini,bbartalinio7@accuweather.com
873,Orelia,Rowbottom,orowbottomo8@hugedomains.com
874,Chane,Silvers,csilverso9@issuu.com
875,Wylie,Loach,wloachoa@ibm.com
876,Monica,Ghent,mghentob@usnews.com
877,Jedediah,Ladbrooke,jladbrookeoc@fema.gov
878,Heida,Sedcole,hsedcoleod@addthis.com
879,Nari,Bleier,nbleieroe@microsoft.com
880,Rhetta,Agerskow,ragerskowof@blog.com
881,Lelah,Kirkwood,lkirkwoodog@ezinearticles.com
882,Carlyle,Basden,cbasdenoh@nsw.gov.au
883,Leelah,Beaton,lbeatonoi@dailymail.co.uk
884,Aldrich,Coules,acoulesoj@hp.com
885,Winona,Adamoli,wadamoliok@topsy.com
886,Clary,Jeffcock,cjeffcockol@1688.com
887,Zebulen,Rosencrantz,zrosencrantzom@opensource.org
888,Fairfax,Emmett,femmetton@scientificamerican.com
889,Cheryl,Siene,csieneoo@exblog.jp
890,Cordi,Lavington,clavingtonop@miitbeian.gov.cn
891,Dennie,Hastwell,dhastwelloq@behance.net
892,Flori,Hasson,fhassonor@cyberchimps.com
893,Stanly,Bodker,sbodkeros@imgur.com
894,Karlis,Mitcham,kmitchamot@t-online.de
895,Jonie,McGraw,jmcgrawou@soup.io
896,Shelby,Oty,sotyov@godaddy.com
897,Winthrop,Osband,wosbandow@simplemachines.org
898,Frederica,Dennerley,fdennerleyox@oaic.gov.au
899,Arabela,Edmenson,aedmensonoy@sakura.ne.jp
900,Rafferty,Blore,rbloreoz@ask.com
901,Carolan,Balk,cbalkp0@dailymail.co.uk
902,Milli,Josipovic,mjosipovicp1@ning.com
903,Dell,Calderon,dcalderonp2@cocolog-nifty.com
904,Temp,Van Rembrandt,tvanrembrandtp3@mit.edu
905,Ragnar,Wrout,rwroutp4@ftc.gov
906,Camala,Ortler,cortlerp5@cyberchimps.com
907,Trish,Van Merwe,tvanmerwep6@discuz.net
908,Kaine,Markovich,kmarkovichp7@amazon.co.uk
909,Doretta,Sykes,dsykesp8@sakura.ne.jp
910,Lonnard,Kynett,lkynettp9@webmd.com
911,Deborah,Brenton,dbrentonpa@indiatimes.com
912,Lynette,Moulsdale,lmoulsdalepb@opensource.org
913,Tracey,Santus,tsantuspc@1und1.de
914,Lynette,Gallager,lgallagerpd@acquirethisname.com
915,Novelia,Loeber,nloeberpe@sfgate.com
916,Inessa,Grimoldby,igrimoldbypf@webnode.com
917,Rubia,Bancroft,rbancroftpg@themeforest.net
918,Quincey,Beedell,qbeedellph@google.com.hk
919,Gene,de Verson,gdeversonpi@columbia.edu
920,Kati,Chomiszewski,kchomiszewskipj@a8.net
921,Anetta,Kinglesyd,akinglesydpk@pinterest.com
922,Wendi,Menichini,wmenichinipl@hubpages.com
923,Teodorico,Setford,tsetfordpm@mashable.com
924,Farrel,Boldecke,fboldeckepn@columbia.edu
925,Katheryn,McKibbin,kmckibbinpo@nationalgeographic.com
926,Niall,Mayo,nmayopp@home.pl
927,Kaila,Allardyce,kallardycepq@wufoo.com
928,Rudolfo,Britton,rbrittonpr@wikispaces.com
929,Jewelle,Josovich,jjosovichps@amazon.com
930,Candy,Grunwald,cgrunwaldpt@twitter.com
931,Kennith,Cavan,kcavanpu@last.fm
932,Glenine,Wolfart,gwolfartpv@bizjournals.com
933,Sky,Loveguard,sloveguardpw@parallels.com
934,Celestyna,Lawling,clawlingpx@ucoz.com
935,Christie,Egdal,cegdalpy@umich.edu
936,Adriano,Crosscombe,acrosscombepz@va.gov
937,Larine,Caveau,lcaveauq0@accuweather.com
938,Jeniece,Heugh,jheughq1@booking.com
939,Lucias,Goodall,lgoodallq2@house.gov
940,Demetri,Pfertner,dpfertnerq3@amazonaws.com
941,Aleksandr,Cromett,acromettq4@cmu.edu
942,Dukey,St. Hill,dsthillq5@e-recht24.de
943,Frasquito,Temlett,ftemlettq6@exblog.jp
944,Shelia,Knutton,sknuttonq7@bravesites.com
945,Ree,Mudge,rmudgeq8@shinystat.com
946,Theobald,Akers,takersq9@go.com
947,Jackqueline,Antoniottii,jantoniottiiqa@answers.com
948,Libbi,Colbron,lcolbronqb@youtu.be
949,Marilin,Izakovitz,mizakovitzqc@nymag.com
950,Yalonda,Nelsey,ynelseyqd@home.pl
951,Garrot,Pheazey,gpheazeyqe@washington.edu
952,Gabie,Gauler,ggaulerqf@facebook.com
953,Ethe,Follos,efollosqg@rediff.com
954,Binny,Milton,bmiltonqh@microsoft.com
955,Boniface,Demoge,bdemogeqi@biglobe.ne.jp
956,Emmanuel,Drust,edrustqj@indiegogo.com
957,Paloma,Martinello,pmartinelloqk@npr.org
958,Essa,Ingerman,eingermanql@tinypic.com
959,Nonnah,Polack,npolackqm@mayoclinic.com
960,Klara,Hrinchishin,khrinchishinqn@cdbaby.com
961,Rosabella,Withrop,rwithropqo@vkontakte.ru
962,Newton,Cavolini,ncavoliniqp@myspace.com
963,Woodie,Goodlip,wgoodlipqq@wikia.com
964,Shaun,Challicombe,schallicombeqr@jigsy.com
965,Ugo,Glasspool,uglasspoolqs@harvard.edu
966,Mirabel,Deble,mdebleqt@tripadvisor.com
967,Sherman,Remon,sremonqu@xinhuanet.com
968,Xena,Blumfield,xblumfieldqv@163.com
969,Honoria,Stivers,hstiversqw@altervista.org
970,Charil,Van Velde,cvanveldeqx@un.org
971,Nertie,Coldrick,ncoldrickqy@purevolume.com
972,Gerald,Frankcom,gfrankcomqz@ehow.com
973,Dorothee,Neaverson,dneaversonr0@youtube.com
974,Mitch,Cuzen,mcuzenr1@nasa.gov
975,Gaultiero,Gossan,ggossanr2@unblog.fr
976,Tab,Sweeny,tsweenyr3@wikimedia.org
977,Holden,Forstall,hforstallr4@hugedomains.com
978,Kirsteni,Laingmaid,klaingmaidr5@tuttocitta.it
979,Gustie,Locke,glocker6@reference.com
980,Blinni,Brazel,bbrazelr7@walmart.com
981,Sheena,Hark,sharkr8@cbslocal.com
982,Vivien,Ruckert,vruckertr9@noaa.gov
983,Karney,Mullany,kmullanyra@google.cn
984,Dolly,Finnimore,dfinnimorerb@businessweek.com
985,Vanni,Moulder,vmoulderrc@nytimes.com
986,Kaylee,Jagiello,kjagiellord@aol.com
987,Agathe,Alabone,aalabonere@privacy.gov.au
988,Wynne,Hains,whainsrf@yale.edu
989,Hunter,Cecil,hcecilrg@pen.io
990,Rosella,Glitherow,rglitherowrh@nasa.gov
991,Normy,Wellbeloved,nwellbelovedri@themeforest.net
992,Janessa,MacConnal,jmacconnalrj@angelfire.com
993,Phaidra,Sowrah,psowrahrk@google.ca
994,Maddie,Brislawn,mbrislawnrl@tumblr.com
995,Bobine,Davoren,bdavorenrm@elegantthemes.com
996,Alida,Shilvock,ashilvockrn@businessweek.com
997,Aurlie,Tregiddo,atregiddoro@unicef.org
998,Alaric,McDonough,amcdonoughrp@scribd.com
999,Raina,Goater,rgoaterrq@cornell.edu
1000,Martainn,Roston,mrostonrr@odnoklassniki.ru
